[
  { "name" : "Main Camera", "translate" : [ 0, 1, -10 ], "rotate" : [ 0, 0, 0 ], "scale" : [ 1, 1, 1 ], "tag" : "MainCamera" },
  { "name" : "Directional Light", "translate" : [ 0, 3, 0 ], "rotate" : [ 50, 330, 0 ], "scale" : [ 1, 1, 1 ] },
  { "name" : "Floor", "mesh" : "Floor", "renderType" : "Opaque", "translate" : [ 0, 0, -50 ], "rotate" : [ 0, 0, 0 ], "scale" : [ 40, 1, 130 ], "BoxCollider" : [ { "center" : [ 0, 0, 0 ], "size" : [ 1, 1, 1 ] } ] },
  { "name" : "cliff", "parent" : "Floor", "mesh" : "cliff", "renderType" : "Opaque", "translate" : [ 0.075, 0.5, 0.4230769 ], "rotate" : [ 0, 20, 0 ], "scale" : [ 0.01979102, 1.902278, 0.008370163 ], "BoxCollider" : [ { "center" : [ -0.211663, 1.925037, 0.9428446 ], "size" : [ 6, 3.850074, 6 ] } ] },
  { "name" : "cliff", "parent" : "Floor", "mesh" : "cliff", "renderType" : "Opaque", "translate" : [ 0, 0.5, 0.4230769 ], "rotate" : [ 0, 0, 0 ], "scale" : [ 0.025, 1.670984, 0.007692307 ], "BoxCollider" : [ { "center" : [ -0.211663, 1.925037, 0.9428445 ], "size" : [ 6, 3.850073, 6 ] } ] },
  { "name" : "cliff", "parent" : "Floor", "mesh" : "cliff", "renderType" : "Opaque", "translate" : [ -0.075, 0.5, 0.4230769 ], "rotate" : [ 0, 340, 0 ], "scale" : [ 0.01979101, 1.783116, 0.008370164 ], "BoxCollider" : [ { "center" : [ -0.2116631, 1.925037, 0.9428449 ], "size" : [ 6, 3.850073, 6 ] } ] },
  { "name" : "cliff", "parent" : "Floor", "mesh" : "cliff", "renderType" : "Opaque", "translate" : [ -0.125, 0.5, 0.3538461 ], "rotate" : [ 0, 270, 0 ], "scale" : [ 0.007692307, 1.777227, 0.025 ], "BoxCollider" : [ { "center" : [ -0.2116631, 1.925037, 0.9428447 ], "size" : [ 6, 3.850073, 6 ] } ] },
  { "name" : "cliff", "parent" : "Floor", "mesh" : "cliff", "renderType" : "Opaque", "translate" : [ -0.125, 0.5, 0.3846154 ], "rotate" : [ 0, 270, 0 ], "scale" : [ 0.007692307, 1.52589, 0.025 ], "BoxCollider" : [ { "center" : [ -0.2116631, 1.925037, 0.9428447 ], "size" : [ 6, 3.850073, 6 ] } ] },
  { "name" : "cliff", "parent" : "Floor", "mesh" : "cliff", "renderType" : "Opaque", "translate" : [ -0.125, 0.5, 0.4153846 ], "rotate" : [ 0, 270, 0 ], "scale" : [ 0.007692307, 1.94502, 0.025 ], "BoxCollider" : [ { "center" : [ -0.2116631, 1.925037, 0.9428447 ], "size" : [ 6, 3.850073, 6 ] } ] },
  { "name" : "cliff", "parent" : "Floor", "mesh" : "cliff", "renderType" : "Opaque", "translate" : [ 0.125, 0.5, 0.3538461 ], "rotate" : [ 0, 90, 0 ], "scale" : [ 0.007692307, 1.983594, 0.025 ], "BoxCollider" : [ { "center" : [ -0.2116631, 1.925036, 0.9428447 ], "size" : [ 6, 3.850073, 6 ] } ] },
  { "name" : "cliff", "parent" : "Floor", "mesh" : "cliff", "renderType" : "Opaque", "translate" : [ 0.125, 0.5, 0.3846154 ], "rotate" : [ 0, 90, 0 ], "scale" : [ 0.007692307, 1.976618, 0.025 ], "BoxCollider" : [ { "center" : [ -0.2116631, 1.925037, 0.9428447 ], "size" : [ 6, 3.850073, 6 ] } ] },
  { "name" : "cliff", "parent" : "Floor", "mesh" : "cliff", "renderType" : "Opaque", "translate" : [ 0.125, 0.5, 0.4153846 ], "rotate" : [ 0, 90, 0 ], "scale" : [ 0.007692307, 1.930947, 0.025 ], "BoxCollider" : [ { "center" : [ -0.2116631, 1.925037, 0.9428447 ], "size" : [ 6, 3.850074, 6 ] } ] },
  { "name" : "cliff", "parent" : "Floor", "mesh" : "cliff", "renderType" : "Opaque", "translate" : [ 0.125, 0.5, 0.3301538 ], "rotate" : [ 0, 90, 0 ], "scale" : [ 0.007692305, 1.757002, 0.025 ], "BoxCollider" : [ { "center" : [ -0.211663, 1.925037, 0.9428446 ], "size" : [ 6, 3.850074, 6 ] } ] },
  { "name" : "cliff", "parent" : "Floor", "mesh" : "cliff", "renderType" : "Opaque", "translate" : [ -0.111, 0.5, 0.336 ], "rotate" : [ 0, 270, 0 ], "scale" : [ 0.007692305, 1.905395, 0.025 ], "BoxCollider" : [ { "center" : [ -0.211663, 1.925037, 0.9428446 ], "size" : [ 6, 3.850074, 6 ] } ] },
  { "name" : "cliff", "parent" : "Floor", "mesh" : "cliff", "renderType" : "Opaque", "translate" : [ -0.173, 0.5, 0.3147692 ], "rotate" : [ 0, 0, 0 ], "scale" : [ 0.025, 1.886354, 0.007692307 ], "BoxCollider" : [ { "center" : [ -0.211663, 1.925037, 0.9428446 ], "size" : [ 6, 3.850074, 6 ] } ] },
  { "name" : "cliff", "parent" : "Floor", "mesh" : "cliff", "renderType" : "Opaque", "translate" : [ -0.275, 0.5, 0.3147692 ], "rotate" : [ 0, 0, 0 ], "scale" : [ 0.025, 1.662581, 0.007692307 ], "BoxCollider" : [ { "center" : [ -0.211663, 1.925037, 0.9428446 ], "size" : [ 6, 3.850074, 6 ] } ] },
  { "name" : "cliff", "parent" : "Floor", "mesh" : "cliff", "renderType" : "Opaque", "translate" : [ 0.275, 0.5, 0.3147692 ], "rotate" : [ 0, 0, 0 ], "scale" : [ 0.025, 1.561182, 0.007692307 ], "BoxCollider" : [ { "center" : [ -0.211663, 1.925037, 0.9428446 ], "size" : [ 6, 3.850074, 6 ] } ] },
  { "name" : "cliff", "parent" : "Floor", "mesh" : "cliff", "renderType" : "Opaque", "translate" : [ 0.189, 0.5, 0.3147692 ], "rotate" : [ 0, 0, 0 ], "scale" : [ 0.025, 1.651209, 0.007692307 ], "BoxCollider" : [ { "center" : [ -0.211663, 1.925037, 0.9428446 ], "size" : [ 6, 3.850074, 6 ] } ] },
  { "name" : "cliff", "parent" : "Floor", "mesh" : "cliff", "renderType" : "Opaque", "translate" : [ -0.1, 0.5, 0.2551538 ], "rotate" : [ 0, 180, 0 ], "scale" : [ 0.025, 1.917072, 0.007692307 ], "BoxCollider" : [ { "center" : [ -0.211663, 1.925037, 0.9428446 ], "size" : [ 6, 3.850074, 6 ] } ] },
  { "name" : "cliff", "parent" : "Floor", "mesh" : "cliff", "renderType" : "Opaque", "translate" : [ 0, 0.5, 0.2551538 ], "rotate" : [ 0, 180, 0 ], "scale" : [ 0.025, 1.976808, 0.007692307 ], "BoxCollider" : [ { "center" : [ -0.211663, 1.925037, 0.9428446 ], "size" : [ 6, 3.850074, 6 ] } ] },
  { "name" : "cliff", "parent" : "Floor", "mesh" : "cliff", "renderType" : "Opaque", "translate" : [ 0.1, 0.5, 0.2551538 ], "rotate" : [ 0, 180, 0 ], "scale" : [ 0.025, 1.664695, 0.007692307 ], "BoxCollider" : [ { "center" : [ -0.211663, 1.925037, 0.9428446 ], "size" : [ 6, 3.850074, 6 ] } ] },
  { "name" : "cliff", "parent" : "Floor", "mesh" : "cliff", "renderType" : "Opaque", "translate" : [ 0.35, 0.5, 0.2205385 ], "rotate" : [ 0, 90, 0 ], "scale" : [ 0.007692305, 1.850936, 0.025 ], "BoxCollider" : [ { "center" : [ -0.2116631, 1.925036, 0.9428447 ], "size" : [ 6, 3.850073, 6 ] } ] },
  { "name" : "cliff", "parent" : "Floor", "mesh" : "cliff", "renderType" : "Opaque", "translate" : [ 0.35, 0.5, 0.2513077 ], "rotate" : [ 0, 90, 0 ], "scale" : [ 0.007692305, 1.726486, 0.025 ], "BoxCollider" : [ { "center" : [ -0.2116631, 1.925037, 0.9428447 ], "size" : [ 6, 3.850073, 6 ] } ] },
  { "name" : "cliff", "parent" : "Floor", "mesh" : "cliff", "renderType" : "Opaque", "translate" : [ 0.35, 0.5, 0.2820769 ], "rotate" : [ 0, 90, 0 ], "scale" : [ 0.007692305, 1.682676, 0.025 ], "BoxCollider" : [ { "center" : [ -0.2116631, 1.925037, 0.9428447 ], "size" : [ 6, 3.850074, 6 ] } ] },
  { "name" : "cliff", "parent" : "Floor", "mesh" : "cliff", "renderType" : "Opaque", "translate" : [ 0.1375, 0.5, 0.2160769 ], "rotate" : [ 0, 270, 0 ], "scale" : [ 0.007692305, 1.627102, 0.025 ], "BoxCollider" : [ { "center" : [ -0.2116631, 1.925036, 0.9428447 ], "size" : [ 6, 3.850073, 6 ] } ] },
  { "name" : "cliff", "parent" : "Floor", "mesh" : "cliff", "renderType" : "Opaque", "translate" : [ 0.1375, 0.5, 0.2468461 ], "rotate" : [ 0, 270, 0 ], "scale" : [ 0.007692305, 1.664077, 0.025 ], "BoxCollider" : [ { "center" : [ -0.2116631, 1.925037, 0.9428447 ], "size" : [ 6, 3.850073, 6 ] } ] },
  { "name" : "cliff", "parent" : "Floor", "mesh" : "cliff", "renderType" : "Opaque", "translate" : [ -0.35, 0.5, 0.2205385 ], "rotate" : [ 0, 270, 0 ], "scale" : [ 0.007692305, 1.577983, 0.025 ], "BoxCollider" : [ { "center" : [ -0.2116631, 1.925036, 0.9428447 ], "size" : [ 6, 3.850073, 6 ] } ] },
  { "name" : "cliff", "parent" : "Floor", "mesh" : "cliff", "renderType" : "Opaque", "translate" : [ -0.35, 0.5, 0.2513077 ], "rotate" : [ 0, 270, 0 ], "scale" : [ 0.007692305, 1.759122, 0.025 ], "BoxCollider" : [ { "center" : [ -0.2116631, 1.925037, 0.9428447 ], "size" : [ 6, 3.850073, 6 ] } ] },
  { "name" : "cliff", "parent" : "Floor", "mesh" : "cliff", "renderType" : "Opaque", "translate" : [ -0.35, 0.5, 0.2820769 ], "rotate" : [ 0, 270, 0 ], "scale" : [ 0.007692305, 1.542725, 0.025 ], "BoxCollider" : [ { "center" : [ -0.2116631, 1.925037, 0.9428447 ], "size" : [ 6, 3.850074, 6 ] } ] },
  { "name" : "cliff", "parent" : "Floor", "mesh" : "cliff", "renderType" : "Opaque", "translate" : [ -0.1375, 0.5, 0.2160769 ], "rotate" : [ 0, 90, 0 ], "scale" : [ 0.007692305, 1.923526, 0.025 ], "BoxCollider" : [ { "center" : [ -0.2116631, 1.925036, 0.9428447 ], "size" : [ 6, 3.850073, 6 ] } ] },
  { "name" : "cliff", "parent" : "Floor", "mesh" : "cliff", "renderType" : "Opaque", "translate" : [ -0.1375, 0.5, 0.2468461 ], "rotate" : [ 0, 90, 0 ], "scale" : [ 0.007692305, 1.504994, 0.025 ], "BoxCollider" : [ { "center" : [ -0.2116631, 1.925037, 0.9428447 ], "size" : [ 6, 3.850073, 6 ] } ] },
  { "name" : "cliff", "parent" : "Floor", "mesh" : "cliff", "renderType" : "Opaque", "translate" : [ -0.067, 0.5, 0.1923077 ], "rotate" : [ 0, 0, 0 ], "scale" : [ 0.025, 1.670761, 0.007692307 ], "BoxCollider" : [ { "center" : [ -0.211663, 1.925037, 0.9428446 ], "size" : [ 6, 3.850074, 6 ] } ] },
  { "name" : "cliff", "parent" : "Floor", "mesh" : "cliff", "renderType" : "Opaque", "translate" : [ 0, 0.5, 0.1923077 ], "rotate" : [ 0, 0, 0 ], "scale" : [ 0.025, 1.803725, 0.007692307 ], "BoxCollider" : [ { "center" : [ -0.211663, 1.925037, 0.9428446 ], "size" : [ 6, 3.850074, 6 ] } ] },
  { "name" : "cliff", "parent" : "Floor", "mesh" : "cliff", "renderType" : "Opaque", "translate" : [ 0.078, 0.5, 0.1923077 ], "rotate" : [ 0, 0, 0 ], "scale" : [ 0.025, 1.651137, 0.007692307 ], "BoxCollider" : [ { "center" : [ -0.211663, 1.925037, 0.9428446 ], "size" : [ 6, 3.850074, 6 ] } ] },
  { "name" : "cliff", "parent" : "Floor", "mesh" : "cliff", "renderType" : "Opaque", "translate" : [ 0.4081, 0.5, 0.1923077 ], "rotate" : [ 0, 0, 0 ], "scale" : [ 0.025, 1.82111, 0.007692307 ], "BoxCollider" : [ { "center" : [ -0.211663, 1.925037, 0.9428446 ], "size" : [ 6, 3.850074, 6 ] } ] },
  { "name" : "cliff", "parent" : "Floor", "mesh" : "cliff", "renderType" : "Opaque", "translate" : [ -0.41, 0.5, 0.2097 ], "rotate" : [ 0, 0, 0 ], "scale" : [ 0.025, 1.920718, 0.007692307 ], "BoxCollider" : [ { "center" : [ -0.211663, 1.925037, 0.9428446 ], "size" : [ 6, 3.850074, 6 ] } ] },
  { "name" : "cliff", "parent" : "Floor", "mesh" : "cliff", "renderType" : "Opaque", "translate" : [ -0.475, 0.5, 0.05384615 ], "rotate" : [ 0, 270, 0 ], "scale" : [ 0.007692307, 1.533287, 0.025 ], "BoxCollider" : [ { "center" : [ -0.211663, 1.925037, 0.9428446 ], "size" : [ 6, 3.850074, 6 ] } ] },
  { "name" : "cliff", "parent" : "Floor", "mesh" : "cliff", "renderType" : "Opaque", "translate" : [ -0.475, 0.5, 0.09999999 ], "rotate" : [ 0, 270, 0 ], "scale" : [ 0.007692307, 1.63258, 0.025 ], "BoxCollider" : [ { "center" : [ -0.211663, 1.925037, 0.9428446 ], "size" : [ 6, 3.850074, 6 ] } ] },
  { "name" : "cliff", "parent" : "Floor", "mesh" : "cliff", "renderType" : "Opaque", "translate" : [ -0.475, 0.5, 0.1461538 ], "rotate" : [ 0, 270, 0 ], "scale" : [ 0.007692307, 1.792056, 0.025 ], "BoxCollider" : [ { "center" : [ -0.211663, 1.925037, 0.9428446 ], "size" : [ 6, 3.850074, 6 ] } ] },
  { "name" : "cliff", "parent" : "Floor", "mesh" : "cliff", "renderType" : "Opaque", "translate" : [ -0.475, 0.5, 0.1923077 ], "rotate" : [ 0, 270, 0 ], "scale" : [ 0.007692307, 1.553736, 0.025 ], "BoxCollider" : [ { "center" : [ -0.211663, 1.925037, 0.9428446 ], "size" : [ 6, 3.850074, 6 ] } ] },
  { "name" : "cliff", "parent" : "Floor", "mesh" : "cliff", "renderType" : "Opaque", "translate" : [ 0.475, 0.5, 0.05384615 ], "rotate" : [ 0, 90, 0 ], "scale" : [ 0.007692307, 1.737732, 0.025 ], "BoxCollider" : [ { "center" : [ -0.211663, 1.925037, 0.9428446 ], "size" : [ 6, 3.850074, 6 ] } ] },
  { "name" : "cliff", "parent" : "Floor", "mesh" : "cliff", "renderType" : "Opaque", "translate" : [ 0.475, 0.5, 0.09999999 ], "rotate" : [ 0, 90, 0 ], "scale" : [ 0.007692307, 1.754847, 0.025 ], "BoxCollider" : [ { "center" : [ -0.211663, 1.925037, 0.9428446 ], "size" : [ 6, 3.850074, 6 ] } ] },
  { "name" : "cliff", "parent" : "Floor", "mesh" : "cliff", "renderType" : "Opaque", "translate" : [ 0.475, 0.5, 0.1461538 ], "rotate" : [ 0, 90, 0 ], "scale" : [ 0.007692307, 1.865473, 0.025 ], "BoxCollider" : [ { "center" : [ -0.211663, 1.925037, 0.9428446 ], "size" : [ 6, 3.850074, 6 ] } ] },
  { "name" : "cliff", "parent" : "Floor", "mesh" : "cliff", "renderType" : "Opaque", "translate" : [ 0.475, 0.5, 0.1923077 ], "rotate" : [ 0, 90, 0 ], "scale" : [ 0.007692307, 1.674143, 0.025 ], "BoxCollider" : [ { "center" : [ -0.211663, 1.925037, 0.9428446 ], "size" : [ 6, 3.850074, 6 ] } ] },
  { "name" : "cliff", "parent" : "Floor", "mesh" : "cliff", "renderType" : "Opaque", "translate" : [ 0.025, 0.5, 0.05384615 ], "rotate" : [ 0, 270, 0 ], "scale" : [ 0.007692307, 1.961064, 0.025 ], "BoxCollider" : [ { "center" : [ -0.211663, 1.925037, 0.9428446 ], "size" : [ 6, 3.850074, 6 ] } ] },
  { "name" : "cliff", "parent" : "Floor", "mesh" : "cliff", "renderType" : "Opaque", "translate" : [ 0.025, 0.5, 0.09999999 ], "rotate" : [ 0, 270, 0 ], "scale" : [ 0.007692307, 1.939125, 0.025 ], "BoxCollider" : [ { "center" : [ -0.211663, 1.925037, 0.9428446 ], "size" : [ 6, 3.850074, 6 ] } ] },
  { "name" : "cliff", "parent" : "Floor", "mesh" : "cliff", "renderType" : "Opaque", "translate" : [ 0.025, 0.5, 0.1461538 ], "rotate" : [ 0, 270, 0 ], "scale" : [ 0.007692307, 1.636339, 0.025 ], "BoxCollider" : [ { "center" : [ -0.211663, 1.925037, 0.9428446 ], "size" : [ 6, 3.850074, 6 ] } ] },
  { "name" : "cliff", "parent" : "Floor", "mesh" : "cliff", "renderType" : "Opaque", "translate" : [ 0.025, 0.5, 0.1923077 ], "rotate" : [ 0, 270, 0 ], "scale" : [ 0.007692307, 1.833325, 0.025 ], "BoxCollider" : [ { "center" : [ -0.211663, 1.925037, 0.9428446 ], "size" : [ 6, 3.850074, 6 ] } ] },
  { "name" : "cliff", "parent" : "Floor", "mesh" : "cliff", "renderType" : "Opaque", "translate" : [ -0.025, 0.5, 0.05384615 ], "rotate" : [ 0, 90, 0 ], "scale" : [ 0.007692307, 1.677513, 0.025 ], "BoxCollider" : [ { "center" : [ -0.211663, 1.925037, 0.9428446 ], "size" : [ 6, 3.850074, 6 ] } ] },
  { "name" : "cliff", "parent" : "Floor", "mesh" : "cliff", "renderType" : "Opaque", "translate" : [ -0.025, 0.5, 0.09999999 ], "rotate" : [ 0, 90, 0 ], "scale" : [ 0.007692307, 1.894142, 0.025 ], "BoxCollider" : [ { "center" : [ -0.211663, 1.925037, 0.9428446 ], "size" : [ 6, 3.850074, 6 ] } ] },
  { "name" : "cliff", "parent" : "Floor", "mesh" : "cliff", "renderType" : "Opaque", "translate" : [ -0.025, 0.5, 0.1461538 ], "rotate" : [ 0, 90, 0 ], "scale" : [ 0.007692307, 1.77163, 0.025 ], "BoxCollider" : [ { "center" : [ -0.211663, 1.925037, 0.9428446 ], "size" : [ 6, 3.850074, 6 ] } ] },
  { "name" : "cliff", "parent" : "Floor", "mesh" : "cliff", "renderType" : "Opaque", "translate" : [ -0.025, 0.5, 0.1923077 ], "rotate" : [ 0, 90, 0 ], "scale" : [ 0.007692307, 1.807694, 0.025 ], "BoxCollider" : [ { "center" : [ -0.211663, 1.925037, 0.9428446 ], "size" : [ 6, 3.850074, 6 ] } ] },
  { "name" : "cliff", "parent" : "Floor", "mesh" : "cliff", "renderType" : "Opaque", "translate" : [ -0.074, 0.5, 0.03846154 ], "rotate" : [ 0, 180, 0 ], "scale" : [ 0.025, 1.839597, 0.007692307 ], "BoxCollider" : [ { "center" : [ -0.211663, 1.925037, 0.9428446 ], "size" : [ 6, 3.850074, 6 ] } ] },
  { "name" : "cliff", "parent" : "Floor", "mesh" : "cliff", "renderType" : "Opaque", "translate" : [ -0.408, 0.5, 0.03846154 ], "rotate" : [ 0, 180, 0 ], "scale" : [ 0.025, 1.574575, 0.007692307 ], "BoxCollider" : [ { "center" : [ -0.211663, 1.925037, 0.9428446 ], "size" : [ 6, 3.850074, 6 ] } ] },
  { "name" : "cliff", "parent" : "Floor", "mesh" : "cliff", "renderType" : "Opaque", "translate" : [ 0.066, 0.5, 0.03846154 ], "rotate" : [ 0, 180, 0 ], "scale" : [ 0.025, 1.797948, 0.007692307 ], "BoxCollider" : [ { "center" : [ -0.211663, 1.925037, 0.9428446 ], "size" : [ 6, 3.850074, 6 ] } ] },
  { "name" : "cliff", "parent" : "Floor", "mesh" : "cliff", "renderType" : "Opaque", "translate" : [ 0.413, 0.5, 0.03846154 ], "rotate" : [ 0, 180, 0 ], "scale" : [ 0.025, 1.535996, 0.007692307 ], "BoxCollider" : [ { "center" : [ -0.211663, 1.925037, 0.9428446 ], "size" : [ 6, 3.850074, 6 ] } ] },
  { "name" : "cliff", "parent" : "Floor", "mesh" : "cliff", "renderType" : "Opaque", "translate" : [ -0.1134, 0.5, -0.0993846 ], "rotate" : [ 0, 270, 0 ], "scale" : [ 0.007692305, 1.802506, 0.025 ], "BoxCollider" : [ { "center" : [ -0.211663, 1.925037, 0.9428446 ], "size" : [ 6, 3.850074, 6 ] } ] },
  { "name" : "cliff", "parent" : "Floor", "mesh" : "cliff", "renderType" : "Opaque", "translate" : [ 0.1, 0.5, -0.0993846 ], "rotate" : [ 0, 90, 0 ], "scale" : [ 0.007692305, 1.691317, 0.025 ], "BoxCollider" : [ { "center" : [ -0.211663, 1.925037, 0.9428446 ], "size" : [ 6, 3.850074, 6 ] } ] },
  { "name" : "cliff", "parent" : "Floor", "mesh" : "cliff", "renderType" : "Opaque", "translate" : [ 0.15, 0.5, -0.08399998 ], "rotate" : [ 0, 180, 0 ], "scale" : [ 0.025, 1.917136, 0.007692307 ], "BoxCollider" : [ { "center" : [ -0.211663, 1.925037, 0.9428446 ], "size" : [ 6, 3.850074, 6 ] } ] },
  { "name" : "cliff", "parent" : "Floor", "mesh" : "cliff", "renderType" : "Opaque", "translate" : [ 0.275, 0.5, -0.08399998 ], "rotate" : [ 0, 180, 0 ], "scale" : [ 0.025, 1.613588, 0.007692307 ], "BoxCollider" : [ { "center" : [ -0.211663, 1.925037, 0.9428446 ], "size" : [ 6, 3.850074, 6 ] } ] },
  { "name" : "cliff", "parent" : "Floor", "mesh" : "cliff", "renderType" : "Opaque", "translate" : [ -0.275, 0.5, -0.08399998 ], "rotate" : [ 0, 180, 0 ], "scale" : [ 0.025, 1.511546, 0.007692307 ], "BoxCollider" : [ { "center" : [ -0.211663, 1.925037, 0.9428446 ], "size" : [ 6, 3.850074, 6 ] } ] },
  { "name" : "cliff", "parent" : "Floor", "mesh" : "cliff", "renderType" : "Opaque", "translate" : [ -0.175, 0.5, -0.08399998 ], "rotate" : [ 0, 180, 0 ], "scale" : [ 0.025, 1.919935, 0.007692307 ], "BoxCollider" : [ { "center" : [ -0.211663, 1.925037, 0.9428446 ], "size" : [ 6, 3.850074, 6 ] } ] },
  { "name" : "cliff", "parent" : "Floor", "mesh" : "cliff", "renderType" : "Opaque", "translate" : [ 0.1, 0.5, -0.02438463 ], "rotate" : [ 0, 0, 0 ], "scale" : [ 0.025, 1.769448, 0.007692307 ], "BoxCollider" : [ { "center" : [ -0.211663, 1.925037, 0.9428446 ], "size" : [ 6, 3.850074, 6 ] } ] },
  { "name" : "cliff", "parent" : "Floor", "mesh" : "cliff", "renderType" : "Opaque", "translate" : [ 0, 0.5, -0.02438463 ], "rotate" : [ 0, 0, 0 ], "scale" : [ 0.025, 1.863276, 0.007692307 ], "BoxCollider" : [ { "center" : [ -0.211663, 1.925037, 0.9428446 ], "size" : [ 6, 3.850074, 6 ] } ] },
  { "name" : "cliff", "parent" : "Floor", "mesh" : "cliff", "renderType" : "Opaque", "translate" : [ -0.1, 0.5, -0.02438463 ], "rotate" : [ 0, 0, 0 ], "scale" : [ 0.025, 1.715658, 0.007692307 ], "BoxCollider" : [ { "center" : [ -0.211663, 1.925037, 0.9428446 ], "size" : [ 6, 3.850074, 6 ] } ] },
  { "name" : "cliff", "parent" : "Floor", "mesh" : "cliff", "renderType" : "Opaque", "translate" : [ -0.35, 0.5, 0.01023078 ], "rotate" : [ 0, 270, 0 ], "scale" : [ 0.007692305, 1.75389, 0.025 ], "BoxCollider" : [ { "center" : [ -0.2116631, 1.925036, 0.9428447 ], "size" : [ 6, 3.850073, 6 ] } ] },
  { "name" : "cliff", "parent" : "Floor", "mesh" : "cliff", "renderType" : "Opaque", "translate" : [ -0.35, 0.5, -0.02053848 ], "rotate" : [ 0, 270, 0 ], "scale" : [ 0.007692305, 1.993735, 0.025 ], "BoxCollider" : [ { "center" : [ -0.2116631, 1.925037, 0.9428447 ], "size" : [ 6, 3.850073, 6 ] } ] },
  { "name" : "cliff", "parent" : "Floor", "mesh" : "cliff", "renderType" : "Opaque", "translate" : [ -0.35, 0.5, -0.0513077 ], "rotate" : [ 0, 270, 0 ], "scale" : [ 0.007692305, 1.897836, 0.025 ], "BoxCollider" : [ { "center" : [ -0.2116631, 1.925037, 0.9428447 ], "size" : [ 6, 3.850074, 6 ] } ] },
  { "name" : "cliff", "parent" : "Floor", "mesh" : "cliff", "renderType" : "Opaque", "translate" : [ -0.1375, 0.5, 0.01469234 ], "rotate" : [ 0, 90, 0 ], "scale" : [ 0.007692305, 1.801885, 0.025 ], "BoxCollider" : [ { "center" : [ -0.2116631, 1.925036, 0.9428447 ], "size" : [ 6, 3.850073, 6 ] } ] },
  { "name" : "cliff", "parent" : "Floor", "mesh" : "cliff", "renderType" : "Opaque", "translate" : [ -0.1375, 0.5, -0.01607692 ], "rotate" : [ 0, 90, 0 ], "scale" : [ 0.007692305, 1.962628, 0.025 ], "BoxCollider" : [ { "center" : [ -0.2116631, 1.925037, 0.9428447 ], "size" : [ 6, 3.850073, 6 ] } ] },
  { "name" : "cliff", "parent" : "Floor", "mesh" : "cliff", "renderType" : "Opaque", "translate" : [ 0.35, 0.5, 0.0156 ], "rotate" : [ 0, 90, 0 ], "scale" : [ 0.007692305, 1.788132, 0.025 ], "BoxCollider" : [ { "center" : [ -0.2116631, 1.925036, 0.9428447 ], "size" : [ 6, 3.850073, 6 ] } ] },
  { "name" : "cliff", "parent" : "Floor", "mesh" : "cliff", "renderType" : "Opaque", "translate" : [ 0.35, 0.5, -0.02053848 ], "rotate" : [ 0, 90, 0 ], "scale" : [ 0.007692305, 1.713474, 0.025 ], "BoxCollider" : [ { "center" : [ -0.2116631, 1.925037, 0.9428447 ], "size" : [ 6, 3.850073, 6 ] } ] },
  { "name" : "cliff", "parent" : "Floor", "mesh" : "cliff", "renderType" : "Opaque", "translate" : [ 0.35, 0.5, -0.0513077 ], "rotate" : [ 0, 90, 0 ], "scale" : [ 0.007692305, 1.813948, 0.025 ], "BoxCollider" : [ { "center" : [ -0.2116631, 1.925037, 0.9428447 ], "size" : [ 6, 3.850074, 6 ] } ] },
  { "name" : "cliff", "parent" : "Floor", "mesh" : "cliff", "renderType" : "Opaque", "translate" : [ 0.1375, 0.5, 0.01469234 ], "rotate" : [ 0, 270, 0 ], "scale" : [ 0.007692305, 1.526996, 0.025 ], "BoxCollider" : [ { "center" : [ -0.2116631, 1.925036, 0.9428447 ], "size" : [ 6, 3.850073, 6 ] } ] },
  { "name" : "cliff", "parent" : "Floor", "mesh" : "cliff", "renderType" : "Opaque", "translate" : [ 0.1375, 0.5, -0.01607692 ], "rotate" : [ 0, 270, 0 ], "scale" : [ 0.007692305, 1.563116, 0.025 ], "BoxCollider" : [ { "center" : [ -0.2116631, 1.925037, 0.9428447 ], "size" : [ 6, 3.850073, 6 ] } ] },
  { "name" : "cliff", "parent" : "Floor", "mesh" : "cliff", "renderType" : "Opaque", "translate" : [ 0.1678, 0.5, -0.1153846 ], "rotate" : [ 0, 0, 0 ], "scale" : [ 0.025, 1.940399, 0.007692307 ], "BoxCollider" : [ { "center" : [ -0.211663, 1.925037, 0.9428446 ], "size" : [ 6, 3.850074, 6 ] } ] },
  { "name" : "cliff", "parent" : "Floor", "mesh" : "cliff", "renderType" : "Opaque", "translate" : [ 0.25, 0.5, -0.1153846 ], "rotate" : [ 0, 0, 0 ], "scale" : [ 0.025, 1.500727, 0.007692307 ], "BoxCollider" : [ { "center" : [ -0.211663, 1.925037, 0.9428446 ], "size" : [ 6, 3.850074, 6 ] } ] },
  { "name" : "cliff", "parent" : "Floor", "mesh" : "cliff", "renderType" : "Opaque", "translate" : [ -0.16, 0.5, -0.1153846 ], "rotate" : [ 0, 0, 0 ], "scale" : [ 0.025, 1.950544, 0.007692307 ], "BoxCollider" : [ { "center" : [ -0.211663, 1.925037, 0.9428446 ], "size" : [ 6, 3.850074, 6 ] } ] },
  { "name" : "cliff", "parent" : "Floor", "mesh" : "cliff", "renderType" : "Opaque", "translate" : [ -0.25, 0.5, -0.1153846 ], "rotate" : [ 0, 0, 0 ], "scale" : [ 0.025, 1.526314, 0.007692307 ], "BoxCollider" : [ { "center" : [ -0.211663, 1.925037, 0.9428446 ], "size" : [ 6, 3.850074, 6 ] } ] },
  { "name" : "cliff", "parent" : "Floor", "mesh" : "cliff", "renderType" : "Opaque", "translate" : [ -0.375, 0.5, -0.3307692 ], "rotate" : [ 0, 270, 0 ], "scale" : [ 0.007692306, 1.840829, 0.025 ], "BoxCollider" : [ { "center" : [ -0.211663, 1.925037, 0.9428446 ], "size" : [ 6, 3.850074, 6 ] } ] },
  { "name" : "cliff", "parent" : "Floor", "mesh" : "cliff", "renderType" : "Opaque", "translate" : [ -0.375, 0.5, -0.2923077 ], "rotate" : [ 0, 270, 0 ], "scale" : [ 0.007692306, 1.537889, 0.025 ], "BoxCollider" : [ { "center" : [ -0.211663, 1.925037, 0.9428446 ], "size" : [ 6, 3.850074, 6 ] } ] },
  { "name" : "cliff", "parent" : "Floor", "mesh" : "cliff", "renderType" : "Opaque", "translate" : [ -0.375, 0.5, -0.2538461 ], "rotate" : [ 0, 270, 0 ], "scale" : [ 0.007692306, 1.968633, 0.025 ], "BoxCollider" : [ { "center" : [ -0.211663, 1.925037, 0.9428446 ], "size" : [ 6, 3.850074, 6 ] } ] },
  { "name" : "cliff", "parent" : "Floor", "mesh" : "cliff", "renderType" : "Opaque", "translate" : [ -0.375, 0.5, -0.2153846 ], "rotate" : [ 0, 270, 0 ], "scale" : [ 0.007692306, 1.97909, 0.025 ], "BoxCollider" : [ { "center" : [ -0.211663, 1.925037, 0.9428446 ], "size" : [ 6, 3.850074, 6 ] } ] },
  { "name" : "cliff", "parent" : "Floor", "mesh" : "cliff", "renderType" : "Opaque", "translate" : [ -0.375, 0.5, -0.1769231 ], "rotate" : [ 0, 270, 0 ], "scale" : [ 0.007692306, 1.748062, 0.025 ], "BoxCollider" : [ { "center" : [ -0.211663, 1.925037, 0.9428446 ], "size" : [ 6, 3.850074, 6 ] } ] },
  { "name" : "cliff", "parent" : "Floor", "mesh" : "cliff", "renderType" : "Opaque", "translate" : [ -0.375, 0.5, -0.1384615 ], "rotate" : [ 0, 270, 0 ], "scale" : [ 0.007692306, 1.714376, 0.025 ], "BoxCollider" : [ { "center" : [ -0.211663, 1.925037, 0.9428446 ], "size" : [ 6, 3.850074, 6 ] } ] },
  { "name" : "cliff", "parent" : "Floor", "mesh" : "cliff", "renderType" : "Opaque", "translate" : [ 0.375, 0.5, -0.3307692 ], "rotate" : [ 0, 90, 0 ], "scale" : [ 0.007692306, 1.570047, 0.025 ], "BoxCollider" : [ { "center" : [ -0.211663, 1.925037, 0.9428446 ], "size" : [ 6, 3.850074, 6 ] } ] },
  { "name" : "cliff", "parent" : "Floor", "mesh" : "cliff", "renderType" : "Opaque", "translate" : [ 0.375, 0.5, -0.2923077 ], "rotate" : [ 0, 90, 0 ], "scale" : [ 0.007692306, 1.530153, 0.025 ], "BoxCollider" : [ { "center" : [ -0.211663, 1.925037, 0.9428446 ], "size" : [ 6, 3.850074, 6 ] } ] },
  { "name" : "cliff", "parent" : "Floor", "mesh" : "cliff", "renderType" : "Opaque", "translate" : [ 0.375, 0.5, -0.2538461 ], "rotate" : [ 0, 90, 0 ], "scale" : [ 0.007692306, 1.942022, 0.025 ], "BoxCollider" : [ { "center" : [ -0.211663, 1.925037, 0.9428446 ], "size" : [ 6, 3.850074, 6 ] } ] },
  { "name" : "cliff", "parent" : "Floor", "mesh" : "cliff", "renderType" : "Opaque", "translate" : [ 0.375, 0.5, -0.2153846 ], "rotate" : [ 0, 90, 0 ], "scale" : [ 0.007692306, 1.77675, 0.025 ], "BoxCollider" : [ { "center" : [ -0.211663, 1.925037, 0.9428446 ], "size" : [ 6, 3.850074, 6 ] } ] },
  { "name" : "cliff", "parent" : "Floor", "mesh" : "cliff", "renderType" : "Opaque", "translate" : [ 0.375, 0.5, -0.1769231 ], "rotate" : [ 0, 90, 0 ], "scale" : [ 0.007692306, 1.593687, 0.025 ], "BoxCollider" : [ { "center" : [ -0.211663, 1.925037, 0.9428446 ], "size" : [ 6, 3.850074, 6 ] } ] },
  { "name" : "cliff", "parent" : "Floor", "mesh" : "cliff", "renderType" : "Opaque", "translate" : [ 0.375, 0.5, -0.1384615 ], "rotate" : [ 0, 90, 0 ], "scale" : [ 0.007692306, 1.851976, 0.025 ], "BoxCollider" : [ { "center" : [ -0.211663, 1.925037, 0.9428446 ], "size" : [ 6, 3.850074, 6 ] } ] },
  { "name" : "cliff", "parent" : "Floor", "mesh" : "cliff", "renderType" : "Opaque", "translate" : [ 0.375, 0.5, -0.1153846 ], "rotate" : [ 0, 0, 0 ], "scale" : [ 0.025, 1.944569, 0.007692307 ], "BoxCollider" : [ { "center" : [ -0.211663, 1.925037, 0.9428446 ], "size" : [ 6, 3.850074, 6 ] } ] },
  { "name" : "cliff", "parent" : "Floor", "mesh" : "cliff", "renderType" : "Opaque", "translate" : [ -0.375, 0.5, -0.1153846 ], "rotate" : [ 0, 0, 0 ], "scale" : [ 0.025, 1.691371, 0.007692307 ], "BoxCollider" : [ { "center" : [ -0.211663, 1.925037, 0.9428446 ], "size" : [ 6, 3.850074, 6 ] } ] },
  { "name" : "cliff", "parent" : "Floor", "mesh" : "cliff", "renderType" : "Opaque", "translate" : [ -0.375, 0.5, -0.3461538 ], "rotate" : [ 0, 180, 0 ], "scale" : [ 0.025, 1.649093, 0.007692307 ], "BoxCollider" : [ { "center" : [ -0.211663, 1.925037, 0.9428446 ], "size" : [ 6, 3.850074, 6 ] } ] },
  { "name" : "cliff", "parent" : "Floor", "mesh" : "cliff", "renderType" : "Opaque", "translate" : [ -0.25, 0.5, -0.3461538 ], "rotate" : [ 0, 180, 0 ], "scale" : [ 0.025, 1.611824, 0.007692307 ], "BoxCollider" : [ { "center" : [ -0.211663, 1.925037, 0.9428446 ], "size" : [ 6, 3.850074, 6 ] } ] },
  { "name" : "cliff", "parent" : "Floor", "mesh" : "cliff", "renderType" : "Opaque", "translate" : [ 0.25, 0.5, -0.3461538 ], "rotate" : [ 0, 180, 0 ], "scale" : [ 0.025, 1.609099, 0.007692307 ], "BoxCollider" : [ { "center" : [ -0.211663, 1.925037, 0.9428446 ], "size" : [ 6, 3.850074, 6 ] } ] },
  { "name" : "cliff", "parent" : "Floor", "mesh" : "cliff", "renderType" : "Opaque", "translate" : [ 0.375, 0.5, -0.3461538 ], "rotate" : [ 0, 180, 0 ], "scale" : [ 0.025, 1.726646, 0.007692307 ], "BoxCollider" : [ { "center" : [ -0.211663, 1.925037, 0.9428446 ], "size" : [ 6, 3.850074, 6 ] } ] },
  { "name" : "cliff", "parent" : "Floor", "mesh" : "cliff", "renderType" : "Opaque", "translate" : [ 0.175, 0.5, -0.3461538 ], "rotate" : [ 0, 180, 0 ], "scale" : [ 0.025, 1.75871, 0.007692307 ], "BoxCollider" : [ { "center" : [ -0.211663, 1.925037, 0.9428446 ], "size" : [ 6, 3.850074, 6 ] } ] },
  { "name" : "cliff", "parent" : "Floor", "mesh" : "cliff", "renderType" : "Opaque", "translate" : [ -0.1942, 0.5, -0.3461538 ], "rotate" : [ 0, 180, 0 ], "scale" : [ 0.025, 1.871995, 0.007692307 ], "BoxCollider" : [ { "center" : [ -0.211663, 1.925037, 0.9428446 ], "size" : [ 6, 3.850074, 6 ] } ] },
  { "name" : "cliff", "parent" : "Floor", "mesh" : "cliff", "renderType" : "Opaque", "translate" : [ -0.125, 0.5, -0.4538461 ], "rotate" : [ 0, 270, 0 ], "scale" : [ 0.007692307, 1.684584, 0.025 ], "BoxCollider" : [ { "center" : [ -0.211663, 1.925037, 0.9428446 ], "size" : [ 6, 3.850074, 6 ] } ] },
  { "name" : "cliff", "parent" : "Floor", "mesh" : "cliff", "renderType" : "Opaque", "translate" : [ -0.125, 0.5, -0.4153846 ], "rotate" : [ 0, 270, 0 ], "scale" : [ 0.007692307, 1.566761, 0.025 ], "BoxCollider" : [ { "center" : [ -0.211663, 1.925037, 0.9428446 ], "size" : [ 6, 3.850074, 6 ] } ] },
  { "name" : "cliff", "parent" : "Floor", "mesh" : "cliff", "renderType" : "Opaque", "translate" : [ -0.125, 0.5, -0.3707 ], "rotate" : [ 0, 270, 0 ], "scale" : [ 0.007692307, 1.959148, 0.025 ], "BoxCollider" : [ { "center" : [ -0.211663, 1.925037, 0.9428446 ], "size" : [ 6, 3.850074, 6 ] } ] },
  { "name" : "cliff", "parent" : "Floor", "mesh" : "cliff", "renderType" : "Opaque", "translate" : [ 0.125, 0.5, -0.4538461 ], "rotate" : [ 0, 90, 0 ], "scale" : [ 0.007692307, 1.717095, 0.025 ], "BoxCollider" : [ { "center" : [ -0.211663, 1.925037, 0.9428446 ], "size" : [ 6, 3.850074, 6 ] } ] },
  { "name" : "cliff", "parent" : "Floor", "mesh" : "cliff", "renderType" : "Opaque", "translate" : [ 0.125, 0.5, -0.4153846 ], "rotate" : [ 0, 90, 0 ], "scale" : [ 0.007692307, 1.97736, 0.025 ], "BoxCollider" : [ { "center" : [ -0.211663, 1.925037, 0.9428446 ], "size" : [ 6, 3.850074, 6 ] } ] },
  { "name" : "cliff", "parent" : "Floor", "mesh" : "cliff", "renderType" : "Opaque", "translate" : [ 0.125, 0.5, -0.3698 ], "rotate" : [ 0, 90, 0 ], "scale" : [ 0.007692307, 1.544426, 0.025 ], "BoxCollider" : [ { "center" : [ -0.211663, 1.925037, 0.9428446 ], "size" : [ 6, 3.850074, 6 ] } ] },
  { "name" : "cliff", "parent" : "Floor", "mesh" : "cliff", "renderType" : "Opaque", "translate" : [ 0.05, 0.5, -0.476923 ], "rotate" : [ 0, 180, 0 ], "scale" : [ 0.025, 1.868649, 0.007692307 ], "BoxCollider" : [ { "center" : [ -0.211663, 1.925037, 0.9428446 ], "size" : [ 6, 3.850074, 6 ] } ] },
  { "name" : "cliff", "parent" : "Floor", "mesh" : "cliff", "renderType" : "Opaque", "translate" : [ -0.05, 0.5, -0.476923 ], "rotate" : [ 0, 180, 0 ], "scale" : [ 0.025, 1.885669, 0.007692307 ], "BoxCollider" : [ { "center" : [ -0.211663, 1.925037, 0.9428446 ], "size" : [ 6, 3.850074, 6 ] } ] },
  { "name" : "Chest", "mesh" : "Chest", "translate" : [ 0, 0.5, -105 ], "rotate" : [ 0, 180, 0 ], "scale" : [ 1, 1, 1 ] },
  { "name" : "Chest", "parent" : "Chest", "mesh" : "Chest", "renderType" : "Opaque", "translate" : [ 0, 0.0006878967, -0.01552684 ], "rotate" : [ 0, 0, 0 ], "scale" : [ 1, 1, 1 ] },
  { "name" : "Chest_cover", "parent" : "Chest", "mesh" : "Chest_cover", "renderType" : "Opaque", "translate" : [ 0, 0.5224206, -0.3601229 ], "rotate" : [ 2.504478E-06, 0, 0 ], "scale" : [ 1, 1, 1 ] },
  { "name" : "Dragon", "mesh" : "Dragon", "translate" : [ 0, 0.5, -80 ], "rotate" : [ 0, 0, 0 ], "scale" : [ 1, 1, 1 ] },
  { "name" : "CENTER_C", "parent" : "Dragon", "mesh" : "CENTER_C", "translate" : [ 0, 1.360214, -0.3658767 ], "rotate" : [ 0, 0, 0 ], "scale" : [ 1, 1, 1 ] },
  { "name" : "LOWDRG", "parent" : "Dragon", "mesh" : "LOWDRG", "translate" : [ 0, 0, 0 ], "rotate" : [ 0, 0, 0 ], "scale" : [ 1, 1, 1 ] },
  { "name" : "BossTrigger", "mesh" : "BossTrigger", "renderType" : "Opaque", "translate" : [ 0, 2, -70 ], "rotate" : [ 0, 0, 0 ], "scale" : [ 30, 2, 1 ], "BoxCollider" : [ { "center" : [ 0, 0, 0 ], "size" : [ 1, 1, 1 ] } ] },
  { "name" : "Enter", "mesh" : "Enter", "renderType" : "Opaque", "translate" : [ 0, -2, -65 ], "rotate" : [ 2.504478E-06, 0, 0 ], "scale" : [ 3, 3, 3 ], "BoxCollider" : [ { "center" : [ 0, 0.4268742, 0 ], "size" : [ 1.048419, 0.8540283, 0.9436667 ] } ] },
  { "name" : "Exit", "mesh" : "Exit", "renderType" : "Opaque", "translate" : [ 0, 0.5, -95 ], "rotate" : [ 2.504478E-06, 0, 0 ], "scale" : [ 5, 5, 5 ], "BoxCollider" : [ { "center" : [ 0, 0.4268742, 0 ], "size" : [ 1.048419, 0.8540283, 0.9436667 ] } ] },
  { "name" : "OrcShamanFighter", "mesh" : "OrcShamanFighter", "translate" : [ 10.42756, 0, -30.05042 ], "rotate" : [ 0, 0, 0 ], "scale" : [ 1, 1, 1 ] },
  { "name" : "Orc Shaman Fighter Base", "parent" : "OrcShamanFighter", "mesh" : "Orc Shaman Fighter Base", "translate" : [ 0, 0.5, 0 ], "rotate" : [ 0, 0, 0 ], "scale" : [ 15, 15, 15 ] },
  { "name" : "_HoodLeather", "parent" : "Orc Shaman Fighter Base", "mesh" : "_HoodLeather", "translate" : [ 0, 0, 0 ], "rotate" : [ 0, 0, 0 ], "scale" : [ 1, 1, 1 ] },
  { "name" : "_OrcBase", "parent" : "Orc Shaman Fighter Base", "mesh" : "_OrcBase", "translate" : [ 0, 0, 0 ], "rotate" : [ 0, 0, 0 ], "scale" : [ 1, 1, 1 ] },
  { "name" : "Character1_Reference", "parent" : "Orc Shaman Fighter Base", "mesh" : "Character1_Reference", "translate" : [ 0, 0, 0 ], "rotate" : [ 0, 0, 0 ], "scale" : [ 1, 1, 1 ] },
  { "name" : "transform51", "parent" : "polySurface192", "mesh" : "transform51", "translate" : [ 0.01904884, 0.05370758, -0.004916543 ], "rotate" : [ 0, 0, 0 ], "scale" : [ 1, 1, 1 ] },
  { "name" : "transform52", "parent" : "polySurface193", "mesh" : "transform52", "translate" : [ -0.01904884, 0.05370758, -0.004916543 ], "rotate" : [ 0, 0, 0 ], "scale" : [ 1, 1, 1 ] },
  { "name" : "transform4", "parent" : "polySurface46", "mesh" : "transform4", "translate" : [ 0.01904884, 0.05370758, -0.004916543 ], "rotate" : [ 0, 0, 0 ], "scale" : [ 1, 1, 1 ] },
  { "name" : "transform3", "parent" : "polySurface47", "mesh" : "transform3", "translate" : [ 0.01904884, 0.05370758, -0.004916543 ], "rotate" : [ 0, 0, 0 ], "scale" : [ 1, 1, 1 ] },
  { "name" : "transform36", "parent" : "polySurface122", "mesh" : "transform36", "translate" : [ 0.00726348, 0.006581225, 0.0002578592 ], "rotate" : [ 0, 0, 0 ], "scale" : [ 1, 1, 1 ] },
  { "name" : "locomotion", "parent" : "Orc Shaman Fighter Base", "mesh" : "locomotion", "translate" : [ -2.243055E-08, 0.04649232, -0.01255199 ], "rotate" : [ 0, 0, 0 ], "scale" : [ 1, 1, 1 ] },
  { "name" : "_Hip01", "parent" : "locomotion", "mesh" : "_Hip01", "translate" : [ 2.243055E-08, 0.006772906, 0 ], "rotate" : [ 0, 0, 0 ], "scale" : [ 1, 1, 1 ] },
  { "name" : "_BELT", "parent" : "_Hip01", "mesh" : "_BELT", "renderType" : "TransparentCutout", "translate" : [ 0, -0.01663852, 0.002217947 ], "rotate" : [ 0, 0, 0 ], "scale" : [ 1, 1, 1 ] },
  { "name" : "_Bones", "parent" : "_BELT", "mesh" : "_Bones", "renderType" : "TransparentCutout", "translate" : [ 0, 0.01027773, -0.0001550347 ], "rotate" : [ 0, 0, 0 ], "scale" : [ 1, 1, 1 ] },
  { "name" : "polySurface253", "parent" : "_BELT", "mesh" : "polySurface253", "renderType" : "TransparentCutout", "translate" : [ 0, 0.01027773, -0.0001550347 ], "rotate" : [ 0, 0, 0 ], "scale" : [ 1, 1, 1 ] },
  { "name" : "_Hand01", "parent" : "_Hip01", "mesh" : "_Hand01", "translate" : [ 0.06181375, 0.02702406, 0.002145995 ], "rotate" : [ 0, 0, 0 ], "scale" : [ 1, 1, 1 ] },
  { "name" : "polySurface238", "parent" : "_Hand01", "mesh" : "polySurface238", "renderType" : "TransparentCutout", "translate" : [ 2.799755E-11, 7.74376E-10, -2.909501E-10 ], "rotate" : [ 0, 0, 0 ], "scale" : [ 1, 1, 1 ] },
  { "name" : "_Neck", "parent" : "_Hip01", "mesh" : "_Neck", "translate" : [ 0, 0.03099138, 0.01117724 ], "rotate" : [ 0, 0, 0 ], "scale" : [ 1, 1, 1 ] },
  { "name" : "_Head", "parent" : "_Neck", "mesh" : "_Head", "translate" : [ 0, 0.001774929, 0.01059096 ], "rotate" : [ 0, 0, 0 ], "scale" : [ 1, 1, 1 ] },
  { "name" : "_Eyes", "parent" : "_Head", "mesh" : "_Eyes", "renderType" : "TransparentCutout", "translate" : [ 0, -0.1200315, -0.009216209 ], "rotate" : [ 0, 0, 0 ], "scale" : [ 1, 1, 1 ] },
  { "name" : "_HighTheeth", "parent" : "_Head", "mesh" : "_HighTheeth", "renderType" : "TransparentCutout", "translate" : [ 0, 0, 0 ], "rotate" : [ 0, 0, 0 ], "scale" : [ 1, 1, 1 ] },
  { "name" : "_Mandib", "parent" : "_Head", "mesh" : "_Mandib", "translate" : [ 0, -0.00812547, 0.004651294 ], "rotate" : [ 354.016, 0, 0 ], "scale" : [ 1, 1, 1 ] },
  { "name" : "_LowTheeth", "parent" : "_Mandib", "mesh" : "_LowTheeth", "renderType" : "TransparentCutout", "translate" : [ 0, 0, 0 ], "rotate" : [ 0, 0, 0 ], "scale" : [ 1, 1, 1 ] },
  { "name" : "wristFeather01", "parent" : "Orc Shaman Fighter Base", "mesh" : "wristFeather01", "renderType" : "TransparentCutout", "translate" : [ 0.03984402, 0.07843033, -0.01329537 ], "rotate" : [ 352.7767, 0.2600832, 359.9757 ], "scale" : [ 1, 0.9999999, 0.9999999 ] },
  { "name" : "_bone12", "parent" : "wristFeather01", "mesh" : "_bone12", "renderType" : "TransparentCutout", "translate" : [ 0.02005181, 0.008997568, 0.00264967 ], "rotate" : [ 24.10111, 1.621144, 7.980759 ], "scale" : [ 1, 1, 1 ] },
  { "name" : "_bone13", "parent" : "wristFeather01", "mesh" : "_bone13", "renderType" : "TransparentCutout", "translate" : [ 0.01579873, 0.009451062, 0.0008784317 ], "rotate" : [ 15.59691, 359.7396, 359.9913 ], "scale" : [ 1, 1, 1 ] },
  { "name" : "wristFeather02", "parent" : "Orc Shaman Fighter Base", "mesh" : "wristFeather02", "renderType" : "TransparentCutout", "translate" : [ -0.039858, 0.078812, -0.0136051 ], "rotate" : [ -5.4975E-06, -2.425204E-07, -1.162593E-07 ], "scale" : [ 1, 1, 1 ] },
  { "name" : "OrcShamanFighter", "mesh" : "OrcShamanFighter", "translate" : [ 5.680439, 0, -34.06405 ], "rotate" : [ 0, 0, 0 ], "scale" : [ 1, 1, 1 ] },
  { "name" : "Orc Shaman Fighter Base", "parent" : "OrcShamanFighter", "mesh" : "Orc Shaman Fighter Base", "translate" : [ 0, 0.5, 0 ], "rotate" : [ 0, 0, 0 ], "scale" : [ 15, 15, 15 ] },
  { "name" : "_HoodLeather", "parent" : "Orc Shaman Fighter Base", "mesh" : "_HoodLeather", "translate" : [ 0, 0, 0 ], "rotate" : [ 0, 0, 0 ], "scale" : [ 1, 1, 1 ] },
  { "name" : "_OrcBase", "parent" : "Orc Shaman Fighter Base", "mesh" : "_OrcBase", "translate" : [ 0, 0, 0 ], "rotate" : [ 0, 0, 0 ], "scale" : [ 1, 1, 1 ] },
  { "name" : "Character1_Reference", "parent" : "Orc Shaman Fighter Base", "mesh" : "Character1_Reference", "translate" : [ 0, 0, 0 ], "rotate" : [ 0, 0, 0 ], "scale" : [ 1, 1, 1 ] },
  { "name" : "transform51", "parent" : "polySurface192", "mesh" : "transform51", "translate" : [ 0.01904884, 0.05370758, -0.004916543 ], "rotate" : [ 0, 0, 0 ], "scale" : [ 1, 1, 1 ] },
  { "name" : "transform52", "parent" : "polySurface193", "mesh" : "transform52", "translate" : [ -0.01904884, 0.05370758, -0.004916543 ], "rotate" : [ 0, 0, 0 ], "scale" : [ 1, 1, 1 ] },
  { "name" : "transform4", "parent" : "polySurface46", "mesh" : "transform4", "translate" : [ 0.01904884, 0.05370758, -0.004916543 ], "rotate" : [ 0, 0, 0 ], "scale" : [ 1, 1, 1 ] },
  { "name" : "transform3", "parent" : "polySurface47", "mesh" : "transform3", "translate" : [ 0.01904884, 0.05370758, -0.004916543 ], "rotate" : [ 0, 0, 0 ], "scale" : [ 1, 1, 1 ] },
  { "name" : "transform36", "parent" : "polySurface122", "mesh" : "transform36", "translate" : [ 0.00726348, 0.006581225, 0.0002578592 ], "rotate" : [ 0, 0, 0 ], "scale" : [ 1, 1, 1 ] },
  { "name" : "locomotion", "parent" : "Orc Shaman Fighter Base", "mesh" : "locomotion", "translate" : [ -2.243055E-08, 0.04649232, -0.01255199 ], "rotate" : [ 0, 0, 0 ], "scale" : [ 1, 1, 1 ] },
  { "name" : "_Hip01", "parent" : "locomotion", "mesh" : "_Hip01", "translate" : [ 2.243055E-08, 0.006772906, 0 ], "rotate" : [ 0, 0, 0 ], "scale" : [ 1, 1, 1 ] },
  { "name" : "_BELT", "parent" : "_Hip01", "mesh" : "_BELT", "renderType" : "TransparentCutout", "translate" : [ 0, -0.01663852, 0.002217947 ], "rotate" : [ 0, 0, 0 ], "scale" : [ 1, 1, 1 ] },
  { "name" : "_Bones", "parent" : "_BELT", "mesh" : "_Bones", "renderType" : "TransparentCutout", "translate" : [ 0, 0.01027773, -0.0001550347 ], "rotate" : [ 0, 0, 0 ], "scale" : [ 1, 1, 1 ] },
  { "name" : "polySurface253", "parent" : "_BELT", "mesh" : "polySurface253", "renderType" : "TransparentCutout", "translate" : [ 0, 0.01027773, -0.0001550347 ], "rotate" : [ 0, 0, 0 ], "scale" : [ 1, 1, 1 ] },
  { "name" : "_Hand01", "parent" : "_Hip01", "mesh" : "_Hand01", "translate" : [ 0.06181375, 0.02702406, 0.002145995 ], "rotate" : [ 0, 0, 0 ], "scale" : [ 1, 1, 1 ] },
  { "name" : "polySurface238", "parent" : "_Hand01", "mesh" : "polySurface238", "renderType" : "TransparentCutout", "translate" : [ 2.799755E-11, 7.74376E-10, -2.909501E-10 ], "rotate" : [ 0, 0, 0 ], "scale" : [ 1, 1, 1 ] },
  { "name" : "_Neck", "parent" : "_Hip01", "mesh" : "_Neck", "translate" : [ 0, 0.03099138, 0.01117724 ], "rotate" : [ 0, 0, 0 ], "scale" : [ 1, 1, 1 ] },
  { "name" : "_Head", "parent" : "_Neck", "mesh" : "_Head", "translate" : [ 0, 0.001774929, 0.01059096 ], "rotate" : [ 0, 0, 0 ], "scale" : [ 1, 1, 1 ] },
  { "name" : "_Eyes", "parent" : "_Head", "mesh" : "_Eyes", "renderType" : "TransparentCutout", "translate" : [ 0, -0.1200315, -0.009216209 ], "rotate" : [ 0, 0, 0 ], "scale" : [ 1, 1, 1 ] },
  { "name" : "_HighTheeth", "parent" : "_Head", "mesh" : "_HighTheeth", "renderType" : "TransparentCutout", "translate" : [ 0, 0, 0 ], "rotate" : [ 0, 0, 0 ], "scale" : [ 1, 1, 1 ] },
  { "name" : "_Mandib", "parent" : "_Head", "mesh" : "_Mandib", "translate" : [ 0, -0.00812547, 0.004651294 ], "rotate" : [ 354.016, 0, 0 ], "scale" : [ 1, 1, 1 ] },
  { "name" : "_LowTheeth", "parent" : "_Mandib", "mesh" : "_LowTheeth", "renderType" : "TransparentCutout", "translate" : [ 0, 0, 0 ], "rotate" : [ 0, 0, 0 ], "scale" : [ 1, 1, 1 ] },
  { "name" : "wristFeather01", "parent" : "Orc Shaman Fighter Base", "mesh" : "wristFeather01", "renderType" : "TransparentCutout", "translate" : [ 0.03984402, 0.07843033, -0.01329537 ], "rotate" : [ 352.7767, 0.2600832, 359.9757 ], "scale" : [ 1, 0.9999999, 0.9999999 ] },
  { "name" : "_bone12", "parent" : "wristFeather01", "mesh" : "_bone12", "renderType" : "TransparentCutout", "translate" : [ 0.02005181, 0.008997568, 0.00264967 ], "rotate" : [ 24.10111, 1.621144, 7.980759 ], "scale" : [ 1, 1, 1 ] },
  { "name" : "_bone13", "parent" : "wristFeather01", "mesh" : "_bone13", "renderType" : "TransparentCutout", "translate" : [ 0.01579873, 0.009451062, 0.0008784317 ], "rotate" : [ 15.59691, 359.7396, 359.9913 ], "scale" : [ 1, 1, 1 ] },
  { "name" : "wristFeather02", "parent" : "Orc Shaman Fighter Base", "mesh" : "wristFeather02", "renderType" : "TransparentCutout", "translate" : [ -0.039858, 0.078812, -0.0136051 ], "rotate" : [ -5.4975E-06, -2.425204E-07, -1.162593E-07 ], "scale" : [ 1, 1, 1 ] },
  { "name" : "OrcShamanFighter", "mesh" : "OrcShamanFighter", "translate" : [ 12.70575, 0, -39.79173 ], "rotate" : [ 0, 0, 0 ], "scale" : [ 1, 1, 1 ] },
  { "name" : "Orc Shaman Fighter Base", "parent" : "OrcShamanFighter", "mesh" : "Orc Shaman Fighter Base", "translate" : [ 0, 0.5, 0 ], "rotate" : [ 0, 0, 0 ], "scale" : [ 15, 15, 15 ] },
  { "name" : "_HoodLeather", "parent" : "Orc Shaman Fighter Base", "mesh" : "_HoodLeather", "translate" : [ 0, 0, 0 ], "rotate" : [ 0, 0, 0 ], "scale" : [ 1, 1, 1 ] },
  { "name" : "_OrcBase", "parent" : "Orc Shaman Fighter Base", "mesh" : "_OrcBase", "translate" : [ 0, 0, 0 ], "rotate" : [ 0, 0, 0 ], "scale" : [ 1, 1, 1 ] },
  { "name" : "Character1_Reference", "parent" : "Orc Shaman Fighter Base", "mesh" : "Character1_Reference", "translate" : [ 0, 0, 0 ], "rotate" : [ 0, 0, 0 ], "scale" : [ 1, 1, 1 ] },
  { "name" : "transform51", "parent" : "polySurface192", "mesh" : "transform51", "translate" : [ 0.01904884, 0.05370758, -0.004916543 ], "rotate" : [ 0, 0, 0 ], "scale" : [ 1, 1, 1 ] },
  { "name" : "transform52", "parent" : "polySurface193", "mesh" : "transform52", "translate" : [ -0.01904884, 0.05370758, -0.004916543 ], "rotate" : [ 0, 0, 0 ], "scale" : [ 1, 1, 1 ] },
  { "name" : "transform4", "parent" : "polySurface46", "mesh" : "transform4", "translate" : [ 0.01904884, 0.05370758, -0.004916543 ], "rotate" : [ 0, 0, 0 ], "scale" : [ 1, 1, 1 ] },
  { "name" : "transform3", "parent" : "polySurface47", "mesh" : "transform3", "translate" : [ 0.01904884, 0.05370758, -0.004916543 ], "rotate" : [ 0, 0, 0 ], "scale" : [ 1, 1, 1 ] },
  { "name" : "transform36", "parent" : "polySurface122", "mesh" : "transform36", "translate" : [ 0.00726348, 0.006581225, 0.0002578592 ], "rotate" : [ 0, 0, 0 ], "scale" : [ 1, 1, 1 ] },
  { "name" : "locomotion", "parent" : "Orc Shaman Fighter Base", "mesh" : "locomotion", "translate" : [ -2.243055E-08, 0.04649232, -0.01255199 ], "rotate" : [ 0, 0, 0 ], "scale" : [ 1, 1, 1 ] },
  { "name" : "_Hip01", "parent" : "locomotion", "mesh" : "_Hip01", "translate" : [ 2.243055E-08, 0.006772906, 0 ], "rotate" : [ 0, 0, 0 ], "scale" : [ 1, 1, 1 ] },
  { "name" : "_BELT", "parent" : "_Hip01", "mesh" : "_BELT", "renderType" : "TransparentCutout", "translate" : [ 0, -0.01663852, 0.002217947 ], "rotate" : [ 0, 0, 0 ], "scale" : [ 1, 1, 1 ] },
  { "name" : "_Bones", "parent" : "_BELT", "mesh" : "_Bones", "renderType" : "TransparentCutout", "translate" : [ 0, 0.01027773, -0.0001550347 ], "rotate" : [ 0, 0, 0 ], "scale" : [ 1, 1, 1 ] },
  { "name" : "polySurface253", "parent" : "_BELT", "mesh" : "polySurface253", "renderType" : "TransparentCutout", "translate" : [ 0, 0.01027773, -0.0001550347 ], "rotate" : [ 0, 0, 0 ], "scale" : [ 1, 1, 1 ] },
  { "name" : "_Hand01", "parent" : "_Hip01", "mesh" : "_Hand01", "translate" : [ 0.06181375, 0.02702406, 0.002145995 ], "rotate" : [ 0, 0, 0 ], "scale" : [ 1, 1, 1 ] },
  { "name" : "polySurface238", "parent" : "_Hand01", "mesh" : "polySurface238", "renderType" : "TransparentCutout", "translate" : [ 2.799755E-11, 7.74376E-10, -2.909501E-10 ], "rotate" : [ 0, 0, 0 ], "scale" : [ 1, 1, 1 ] },
  { "name" : "_Neck", "parent" : "_Hip01", "mesh" : "_Neck", "translate" : [ 0, 0.03099138, 0.01117724 ], "rotate" : [ 0, 0, 0 ], "scale" : [ 1, 1, 1 ] },
  { "name" : "_Head", "parent" : "_Neck", "mesh" : "_Head", "translate" : [ 0, 0.001774929, 0.01059096 ], "rotate" : [ 0, 0, 0 ], "scale" : [ 1, 1, 1 ] },
  { "name" : "_Eyes", "parent" : "_Head", "mesh" : "_Eyes", "renderType" : "TransparentCutout", "translate" : [ 0, -0.1200315, -0.009216209 ], "rotate" : [ 0, 0, 0 ], "scale" : [ 1, 1, 1 ] },
  { "name" : "_HighTheeth", "parent" : "_Head", "mesh" : "_HighTheeth", "renderType" : "TransparentCutout", "translate" : [ 0, 0, 0 ], "rotate" : [ 0, 0, 0 ], "scale" : [ 1, 1, 1 ] },
  { "name" : "_Mandib", "parent" : "_Head", "mesh" : "_Mandib", "translate" : [ 0, -0.00812547, 0.004651294 ], "rotate" : [ 354.016, 0, 0 ], "scale" : [ 1, 1, 1 ] },
  { "name" : "_LowTheeth", "parent" : "_Mandib", "mesh" : "_LowTheeth", "renderType" : "TransparentCutout", "translate" : [ 0, 0, 0 ], "rotate" : [ 0, 0, 0 ], "scale" : [ 1, 1, 1 ] },
  { "name" : "wristFeather01", "parent" : "Orc Shaman Fighter Base", "mesh" : "wristFeather01", "renderType" : "TransparentCutout", "translate" : [ 0.03984402, 0.07843033, -0.01329537 ], "rotate" : [ 352.7767, 0.2600832, 359.9757 ], "scale" : [ 1, 0.9999999, 0.9999999 ] },
  { "name" : "_bone12", "parent" : "wristFeather01", "mesh" : "_bone12", "renderType" : "TransparentCutout", "translate" : [ 0.02005181, 0.008997568, 0.00264967 ], "rotate" : [ 24.10111, 1.621144, 7.980759 ], "scale" : [ 1, 1, 1 ] },
  { "name" : "_bone13", "parent" : "wristFeather01", "mesh" : "_bone13", "renderType" : "TransparentCutout", "translate" : [ 0.01579873, 0.009451062, 0.0008784317 ], "rotate" : [ 15.59691, 359.7396, 359.9913 ], "scale" : [ 1, 1, 1 ] },
  { "name" : "wristFeather02", "parent" : "Orc Shaman Fighter Base", "mesh" : "wristFeather02", "renderType" : "TransparentCutout", "translate" : [ -0.039858, 0.078812, -0.0136051 ], "rotate" : [ -5.4975E-06, -2.425204E-07, -1.162593E-07 ], "scale" : [ 1, 1, 1 ] },
  { "name" : "OrcShamanMagician", "mesh" : "OrcShamanMagician", "translate" : [ -5.429832, 0, -37.19991 ], "rotate" : [ 0, 0, 0 ], "scale" : [ 1, 1, 1 ] },
  { "name" : "Orc Shaman Magician Base", "parent" : "OrcShamanMagician", "mesh" : "Orc Shaman Magician Base", "translate" : [ 0, 0.5, 0 ], "rotate" : [ 0, 0, 0 ], "scale" : [ 15, 15, 15 ] },
  { "name" : "_HoodLeather", "parent" : "Orc Shaman Magician Base", "mesh" : "_HoodLeather", "translate" : [ 0, 0, 0 ], "rotate" : [ 0, 0, 0 ], "scale" : [ 1, 1, 1 ] },
  { "name" : "_OrcBase", "parent" : "Orc Shaman Magician Base", "mesh" : "_OrcBase", "translate" : [ 0, 0, 0 ], "rotate" : [ 0, 0, 0 ], "scale" : [ 1, 1, 1 ] },
  { "name" : "Character1_Reference", "parent" : "Orc Shaman Magician Base", "mesh" : "Character1_Reference", "translate" : [ 0, 0, 0 ], "rotate" : [ 0, 0, 0 ], "scale" : [ 1, 1, 1 ] },
  { "name" : "transform51", "parent" : "polySurface192", "mesh" : "transform51", "translate" : [ 0.01904884, 0.05370758, -0.004916543 ], "rotate" : [ 0, 0, 0 ], "scale" : [ 1, 1, 1 ] },
  { "name" : "transform52", "parent" : "polySurface193", "mesh" : "transform52", "translate" : [ -0.01904884, 0.05370758, -0.004916543 ], "rotate" : [ 0, 0, 0 ], "scale" : [ 1, 1, 1 ] },
  { "name" : "transform4", "parent" : "polySurface46", "mesh" : "transform4", "translate" : [ 0.01904884, 0.05370758, -0.004916543 ], "rotate" : [ 0, 0, 0 ], "scale" : [ 1, 1, 1 ] },
  { "name" : "transform3", "parent" : "polySurface47", "mesh" : "transform3", "translate" : [ 0.01904884, 0.05370758, -0.004916543 ], "rotate" : [ 0, 0, 0 ], "scale" : [ 1, 1, 1 ] },
  { "name" : "transform36", "parent" : "polySurface122", "mesh" : "transform36", "translate" : [ 0.00726348, 0.006581225, 0.0002578592 ], "rotate" : [ 0, 0, 0 ], "scale" : [ 1, 1, 1 ] },
  { "name" : "locomotion", "parent" : "Orc Shaman Magician Base", "mesh" : "locomotion", "translate" : [ -2.243055E-08, 0.04649231, -0.01255199 ], "rotate" : [ 0, 0, 0 ], "scale" : [ 1, 1, 1 ] },
  { "name" : "_Hip01", "parent" : "locomotion", "mesh" : "_Hip01", "translate" : [ 2.243055E-08, 0.006772906, 0 ], "rotate" : [ 0, 0, 0 ], "scale" : [ 1, 1, 1 ] },
  { "name" : "_BELT", "parent" : "_Hip01", "mesh" : "_BELT", "renderType" : "TransparentCutout", "translate" : [ 0, -0.01663852, 0.002217947 ], "rotate" : [ 0, 0, 0 ], "scale" : [ 1, 1, 1 ] },
  { "name" : "_Bones", "parent" : "_BELT", "mesh" : "_Bones", "renderType" : "TransparentCutout", "translate" : [ 0, 0.01027773, -0.0001550347 ], "rotate" : [ 0, 0, 0 ], "scale" : [ 1, 1, 1 ] },
  { "name" : "polySurface253", "parent" : "_BELT", "mesh" : "polySurface253", "renderType" : "TransparentCutout", "translate" : [ 0, 0.01027773, -0.0001550347 ], "rotate" : [ 0, 0, 0 ], "scale" : [ 1, 1, 1 ] },
  { "name" : "_Hand01", "parent" : "_Hip01", "mesh" : "_Hand01", "translate" : [ 0.06181375, 0.02702406, 0.002145995 ], "rotate" : [ 0, 0, 0 ], "scale" : [ 1, 1, 1 ] },
  { "name" : "polySurface238", "parent" : "_Hand01", "mesh" : "polySurface238", "renderType" : "Opaque", "translate" : [ 2.799755E-11, 7.74376E-10, -2.909501E-10 ], "rotate" : [ 0, 0, 0 ], "scale" : [ 1, 1, 1 ] },
  { "name" : "_Neck", "parent" : "_Hip01", "mesh" : "_Neck", "translate" : [ 0, 0.03099138, 0.01117724 ], "rotate" : [ 0, 0, 0 ], "scale" : [ 1, 1, 1 ] },
  { "name" : "_Head", "parent" : "_Neck", "mesh" : "_Head", "translate" : [ 0, 0.001774929, 0.01059096 ], "rotate" : [ 0, 0, 0 ], "scale" : [ 1, 1, 1 ] },
  { "name" : "_Eyes", "parent" : "_Head", "mesh" : "_Eyes", "renderType" : "Opaque", "translate" : [ 0, -0.1200315, -0.009216209 ], "rotate" : [ 0, 0, 0 ], "scale" : [ 1, 1, 1 ] },
  { "name" : "_HighTheeth", "parent" : "_Head", "mesh" : "_HighTheeth", "renderType" : "Opaque", "translate" : [ 0, 0, 0 ], "rotate" : [ 0, 0, 0 ], "scale" : [ 1, 1, 1 ] },
  { "name" : "_Mandib", "parent" : "_Head", "mesh" : "_Mandib", "translate" : [ 0, -0.00812547, 0.004651294 ], "rotate" : [ 354.016, 0, 0 ], "scale" : [ 1, 1, 1 ] },
  { "name" : "_LowTheeth", "parent" : "_Mandib", "mesh" : "_LowTheeth", "renderType" : "Opaque", "translate" : [ 0, 0, 0 ], "rotate" : [ 0, 0, 0 ], "scale" : [ 1, 1, 1 ] },
  { "name" : "wristFeather01", "parent" : "Orc Shaman Magician Base", "mesh" : "wristFeather01", "renderType" : "TransparentCutout", "translate" : [ 0.03984402, 0.07843032, -0.01329537 ], "rotate" : [ 352.7767, 0.2600832, 359.9757 ], "scale" : [ 1, 1, 1 ] },
  { "name" : "_bone12", "parent" : "wristFeather01", "mesh" : "_bone12", "renderType" : "TransparentCutout", "translate" : [ 0.02005181, 0.008997566, 0.00264967 ], "rotate" : [ 24.10111, 1.621144, 7.980759 ], "scale" : [ 1, 1, 1 ] },
  { "name" : "_bone13", "parent" : "wristFeather01", "mesh" : "_bone13", "renderType" : "TransparentCutout", "translate" : [ 0.01579873, 0.009451062, 0.0008784318 ], "rotate" : [ 15.59691, 359.7396, 359.9913 ], "scale" : [ 1, 1, 1 ] },
  { "name" : "wristFeather02", "parent" : "Orc Shaman Magician Base", "mesh" : "wristFeather02", "renderType" : "TransparentCutout", "translate" : [ -0.039858, 0.078812, -0.0136051 ], "rotate" : [ -5.4975E-06, -2.425204E-07, -1.162593E-07 ], "scale" : [ 1, 1, 1 ] },
  { "name" : "OrcShamanMagician", "mesh" : "OrcShamanMagician", "translate" : [ -12.66921, 0, -30.83699 ], "rotate" : [ 0, 0, 0 ], "scale" : [ 1, 1, 1 ] },
  { "name" : "Orc Shaman Magician Base", "parent" : "OrcShamanMagician", "mesh" : "Orc Shaman Magician Base", "translate" : [ 0, 0.5, 0 ], "rotate" : [ 0, 0, 0 ], "scale" : [ 15, 15, 15 ] },
  { "name" : "_HoodLeather", "parent" : "Orc Shaman Magician Base", "mesh" : "_HoodLeather", "translate" : [ 0, 0, 0 ], "rotate" : [ 0, 0, 0 ], "scale" : [ 1, 1, 1 ] },
  { "name" : "_OrcBase", "parent" : "Orc Shaman Magician Base", "mesh" : "_OrcBase", "translate" : [ 0, 0, 0 ], "rotate" : [ 0, 0, 0 ], "scale" : [ 1, 1, 1 ] },
  { "name" : "Character1_Reference", "parent" : "Orc Shaman Magician Base", "mesh" : "Character1_Reference", "translate" : [ 0, 0, 0 ], "rotate" : [ 0, 0, 0 ], "scale" : [ 1, 1, 1 ] },
  { "name" : "transform51", "parent" : "polySurface192", "mesh" : "transform51", "translate" : [ 0.01904884, 0.05370758, -0.004916543 ], "rotate" : [ 0, 0, 0 ], "scale" : [ 1, 1, 1 ] },
  { "name" : "transform52", "parent" : "polySurface193", "mesh" : "transform52", "translate" : [ -0.01904884, 0.05370758, -0.004916543 ], "rotate" : [ 0, 0, 0 ], "scale" : [ 1, 1, 1 ] },
  { "name" : "transform4", "parent" : "polySurface46", "mesh" : "transform4", "translate" : [ 0.01904884, 0.05370758, -0.004916543 ], "rotate" : [ 0, 0, 0 ], "scale" : [ 1, 1, 1 ] },
  { "name" : "transform3", "parent" : "polySurface47", "mesh" : "transform3", "translate" : [ 0.01904884, 0.05370758, -0.004916543 ], "rotate" : [ 0, 0, 0 ], "scale" : [ 1, 1, 1 ] },
  { "name" : "transform36", "parent" : "polySurface122", "mesh" : "transform36", "translate" : [ 0.00726348, 0.006581225, 0.0002578592 ], "rotate" : [ 0, 0, 0 ], "scale" : [ 1, 1, 1 ] },
  { "name" : "locomotion", "parent" : "Orc Shaman Magician Base", "mesh" : "locomotion", "translate" : [ -2.243055E-08, 0.04649231, -0.01255199 ], "rotate" : [ 0, 0, 0 ], "scale" : [ 1, 1, 1 ] },
  { "name" : "_Hip01", "parent" : "locomotion", "mesh" : "_Hip01", "translate" : [ 2.243055E-08, 0.006772906, 0 ], "rotate" : [ 0, 0, 0 ], "scale" : [ 1, 1, 1 ] },
  { "name" : "_BELT", "parent" : "_Hip01", "mesh" : "_BELT", "renderType" : "TransparentCutout", "translate" : [ 0, -0.01663852, 0.002217947 ], "rotate" : [ 0, 0, 0 ], "scale" : [ 1, 1, 1 ] },
  { "name" : "_Bones", "parent" : "_BELT", "mesh" : "_Bones", "renderType" : "TransparentCutout", "translate" : [ 0, 0.01027773, -0.0001550347 ], "rotate" : [ 0, 0, 0 ], "scale" : [ 1, 1, 1 ] },
  { "name" : "polySurface253", "parent" : "_BELT", "mesh" : "polySurface253", "renderType" : "TransparentCutout", "translate" : [ 0, 0.01027773, -0.0001550347 ], "rotate" : [ 0, 0, 0 ], "scale" : [ 1, 1, 1 ] },
  { "name" : "_Hand01", "parent" : "_Hip01", "mesh" : "_Hand01", "translate" : [ 0.06181375, 0.02702406, 0.002145995 ], "rotate" : [ 0, 0, 0 ], "scale" : [ 1, 1, 1 ] },
  { "name" : "polySurface238", "parent" : "_Hand01", "mesh" : "polySurface238", "renderType" : "Opaque", "translate" : [ 2.799755E-11, 7.74376E-10, -2.909501E-10 ], "rotate" : [ 0, 0, 0 ], "scale" : [ 1, 1, 1 ] },
  { "name" : "_Neck", "parent" : "_Hip01", "mesh" : "_Neck", "translate" : [ 0, 0.03099138, 0.01117724 ], "rotate" : [ 0, 0, 0 ], "scale" : [ 1, 1, 1 ] },
  { "name" : "_Head", "parent" : "_Neck", "mesh" : "_Head", "translate" : [ 0, 0.001774929, 0.01059096 ], "rotate" : [ 0, 0, 0 ], "scale" : [ 1, 1, 1 ] },
  { "name" : "_Eyes", "parent" : "_Head", "mesh" : "_Eyes", "renderType" : "Opaque", "translate" : [ 0, -0.1200315, -0.009216209 ], "rotate" : [ 0, 0, 0 ], "scale" : [ 1, 1, 1 ] },
  { "name" : "_HighTheeth", "parent" : "_Head", "mesh" : "_HighTheeth", "renderType" : "Opaque", "translate" : [ 0, 0, 0 ], "rotate" : [ 0, 0, 0 ], "scale" : [ 1, 1, 1 ] },
  { "name" : "_Mandib", "parent" : "_Head", "mesh" : "_Mandib", "translate" : [ 0, -0.00812547, 0.004651294 ], "rotate" : [ 354.016, 0, 0 ], "scale" : [ 1, 1, 1 ] },
  { "name" : "_LowTheeth", "parent" : "_Mandib", "mesh" : "_LowTheeth", "renderType" : "Opaque", "translate" : [ 0, 0, 0 ], "rotate" : [ 0, 0, 0 ], "scale" : [ 1, 1, 1 ] },
  { "name" : "wristFeather01", "parent" : "Orc Shaman Magician Base", "mesh" : "wristFeather01", "renderType" : "TransparentCutout", "translate" : [ 0.03984402, 0.07843032, -0.01329537 ], "rotate" : [ 352.7767, 0.2600832, 359.9757 ], "scale" : [ 1, 1, 1 ] },
  { "name" : "_bone12", "parent" : "wristFeather01", "mesh" : "_bone12", "renderType" : "TransparentCutout", "translate" : [ 0.02005181, 0.008997566, 0.00264967 ], "rotate" : [ 24.10111, 1.621144, 7.980759 ], "scale" : [ 1, 1, 1 ] },
  { "name" : "_bone13", "parent" : "wristFeather01", "mesh" : "_bone13", "renderType" : "TransparentCutout", "translate" : [ 0.01579873, 0.009451062, 0.0008784318 ], "rotate" : [ 15.59691, 359.7396, 359.9913 ], "scale" : [ 1, 1, 1 ] },
  { "name" : "wristFeather02", "parent" : "Orc Shaman Magician Base", "mesh" : "wristFeather02", "renderType" : "TransparentCutout", "translate" : [ -0.039858, 0.078812, -0.0136051 ], "rotate" : [ -5.4975E-06, -2.425204E-07, -1.162593E-07 ], "scale" : [ 1, 1, 1 ] },
  { "name" : "EnemyTrigger", "mesh" : "EnemyTrigger", "renderType" : "Opaque", "translate" : [ 0, 2, -26 ], "rotate" : [ 0, 0, 0 ], "scale" : [ 30, 2, 1 ], "BoxCollider" : [ { "center" : [ 0, 0, 0 ], "size" : [ 1, 1, 1 ] } ] },
  { "name" : "sticker_punch", "mesh" : "sticker_punch", "renderType" : "TransparentCutout", "translate" : [ 2, 3, -14.5 ], "rotate" : [ 0, 0, 0 ], "scale" : [ 3, 3, 3 ] },
  { "name" : "sticker_magic", "mesh" : "sticker_magic", "renderType" : "TransparentCutout", "translate" : [ -2, 3, -14.5 ], "rotate" : [ 0, 0, 0 ], "scale" : [ 3, 3, 3 ] },
  { "name" : "sticker_arrow_down", "mesh" : "sticker_arrow_down", "renderType" : "TransparentCutout", "translate" : [ -4.5, 3, -14.5 ], "rotate" : [ 0, 0, 270 ], "scale" : [ 3, 3, 3 ] },
  { "name" : "sticker_arrow_down", "mesh" : "sticker_arrow_down", "renderType" : "TransparentCutout", "translate" : [ 4.5, 3, -14.5 ], "rotate" : [ 0, 0, 90 ], "scale" : [ 3, 3, 3 ] },
  { "name" : "sticker_dragon", "mesh" : "sticker_dragon", "renderType" : "TransparentCutout", "translate" : [ -7.5, 3, -58.91 ], "rotate" : [ 0, 0, 0 ], "scale" : [ 3, 3, 3 ] },
  { "name" : "sticker_dragon_reverse", "mesh" : "sticker_dragon_reverse", "renderType" : "TransparentCutout", "translate" : [ 7.5, 3, -58.91 ], "rotate" : [ 0, 0, 0 ], "scale" : [ 3, 3, 3 ] }
]
